room,building,roomType,ficm,taxonomy,taxonomyLabel,asf,seats,asfPerSeat,courseCount,seatOccupancy,weeklyHours,hoursPercent,utilization,comment
MEH030,Mercy Hall,General-Purpose Classroom,FICM 100,C,C · 19–36 seats,658,30,21.9,5,47,14,38,38,
MEH031,Mercy Hall,General-Purpose Classroom,FICM 100,D,D · 37–74 seats,920,48,19.2,9,36,25.3,68,68,
MEH032,Mercy Hall,General-Purpose Classroom,FICM 100,D,D · 37–74 seats,909,48,18.9,11,59,30.3,81,81,
MH111,Main Hall,General-Purpose Classroom,FICM 100,C,C · 19–36 seats,724,36,20.1,11,55,29.7,80,80,
MH113,Main Hall,General-Purpose Classroom,FICM 100,C,C · 19–36 seats,1558,36,43.3,12,50,32.8,88,88,
MH200,Main Hall,General-Purpose Classroom,FICM 100,B,B · 13–18 seats,277,15,18.5,3,73,7.1,19,19,
MH201,Main Hall,General-Purpose Classroom,FICM 100,C,C · 19–36 seats,359,20,18,12,83,32.4,87,87,
MH202,Main Hall,General-Purpose Classroom,FICM 100,C,C · 19–36 seats,368,24,15.3,12,81,36.2,97,97,
MH203,Main Hall,General-Purpose Classroom,FICM 100,C,C · 19–36 seats,370,20,18.5,11,76,29.4,79,79,
MH204,Main Hall,General-Purpose Classroom,FICM 100,C,C · 19–36 seats,357,20,17.9,12,80,33.3,89,89,
MH205,Main Hall,General-Purpose Classroom,FICM 100,C,C · 19–36 seats,608,30,20.3,12,77,31.3,84,84,
MH206,Main Hall,General-Purpose Classroom,FICM 100,B,B · 13–18 seats,341,18,18.9,6,56,13.8,37,37,
MH211,Main Hall,General-Purpose Classroom,FICM 100,D,D · 37–74 seats,910,42,21.7,14,55,35.8,96,96,
MH213,Main Hall,General-Purpose Classroom,FICM 100,C,C · 19–36 seats,950,30,31.7,12,60,32.7,88,88,
MH219,Main Hall,General-Purpose Classroom,FICM 100,B,B · 13–18 seats,309,18,17.2,8,88,22.7,61,61,
MH236,Main Hall,General-Purpose Classroom,FICM 100,B,B · 13–18 seats,363,18,20.2,6,83,17,46,46,
MH238,Main Hall,General-Purpose Classroom,FICM 100,C,C · 19–36 seats,564,30,18.8,10,58,30.2,81,81,
MH240,Main Hall,General-Purpose Classroom,FICM 100,C,C · 19–36 seats,564,30,18.8,10,63,29.3,79,79,
MH241,Main Hall,General-Purpose Classroom,FICM 100,C,C · 19–36 seats,563,30,18.8,13,68,35,94,94,
MH242,Main Hall,General-Purpose Classroom,FICM 100,C,C · 19–36 seats,610,35,17.4,10,63,24.7,66,66,
MH280,Main Hall,General-Purpose Classroom,FICM 100,C,C · 19–36 seats,665,32,20.8,9,57,24.9,67,67,
MH310,Main Hall,General-Purpose Classroom,FICM 100,C,C · 19–36 seats,555,29,19.1,11,75,28.9,77,77,
MH312,Main Hall,General-Purpose Classroom,FICM 100,C,C · 19–36 seats,558,24,23.3,11,79,30.8,83,83,
MH316,Main Hall,General-Purpose Classroom,FICM 100,B,B · 13–18 seats,375,18,20.8,7,80,19.7,53,53,
MH324,Main Hall,General-Purpose Classroom,FICM 100,C,C · 19–36 seats,562,30,18.7,9,77,24.8,66,66,
MH326,Main Hall,General-Purpose Classroom,FICM 100,C,C · 19–36 seats,562,30,18.7,9,57,21.4,57,57,
MH332,Main Hall,General-Purpose Classroom,FICM 100,C,C · 19–36 seats,410,19,21.6,5,72,11.3,30,30,
MH364,Main Hall,General-Purpose Classroom,FICM 100,D,D · 37–74 seats,980,40,24.5,12,68,29.2,78,78,
MH382,Main Hall,General-Purpose Classroom,FICM 100,C,C · 19–36 seats,656,24,27.3,11,78,30.2,81,81,
MHG2,Main Hall,General-Purpose Classroom,FICM 100,D,D · 37–74 seats,1261,48,26.3,12,57,28,75,75,
MHG3,Main Hall,General-Purpose Classroom,FICM 100,D,D · 37–74 seats,1300,48,27.1,13,62,28.2,76,76,
MHG4,Main Hall,General-Purpose Classroom,FICM 100,C,C · 19–36 seats,840,28,30,10,76,29.5,79,79,
MHLH,Main Hall,Lecture Hall,FICM 610,E,E · 75–200 seats,2164,178,12.2,8,22,19.3,52,52,
VIC102,Victory Hall,General-Purpose Classroom,FICM 100,A,A · 5–12 seats,431,12,35.9,6,92,17,46,46,
VIC103,Victory Hall,General-Purpose Classroom,FICM 100,C,C · 19–36 seats,572,36,15.9,11,56,30.8,83,83,
VIC104,Victory Hall,General-Purpose Classroom,FICM 100,C,C · 19–36 seats,784,35,22.4,11,54,28.4,76,76,
VIC105,Victory Hall,General-Purpose Classroom,FICM 100,D,D · 37–74 seats,773,39,19.8,8,59,23.4,63,63,
VIC107,Victory Hall,General-Purpose Classroom,FICM 100,D,D · 37–74 seats,767,40,19.2,8,46,22.5,60,60,
VIC108,Victory Hall,General-Purpose Classroom,FICM 100,C,C · 19–36 seats,759,35,21.7,7,42,19.5,52,52,
VIC122,Victory Hall,General-Purpose Classroom,FICM 100,B,B · 13–18 seats,766,16,47.9,,,,,,Unscheduled room.
VIC206,Victory Hall,General-Purpose Classroom,FICM 100,D,D · 37–74 seats,1026,40,25.7,12,50,32,86,86,
VIC216,Victory Hall,General-Purpose Classroom,FICM 100,C,C · 19–36 seats,332,20,16.6,9,87,25,67,67,
GMH112,Gratia Mahony Hall,Teaching Laboratory,FICM 210,C,C · 19–36 seats,,20,,1,15,2.8,8,8,
MEH029,Mercy Hall,Teaching Laboratory,FICM 210,C,C · 19–36 seats,249,32,7.8,8,83,24.8,66,66,
MH217,Main Hall,Teaching Laboratory,FICM 210,C,C · 19–36 seats,582,20,29.1,11,94,31.5,84,84,
MH239,Main Hall,Teaching Laboratory,FICM 210,B,B · 13–18 seats,576,18,32,9,77,21.4,57,57,
MH277A,Main Hall,Teaching Laboratory,FICM 210,C,C · 19–36 seats,1252,24,52.2,8,61,20,54,54,
MH277B,Main Hall,Teaching Laboratory,FICM 210,C,C · 19–36 seats,1430,24,59.6,5,57,12,32,32,
MH279,Main Hall,Teaching Laboratory,FICM 210,C,C · 19–36 seats,621,20,31.1,10,99,28.3,76,76,
MH302,Main Hall,Teaching Laboratory,FICM 210,C,C · 19–36 seats,993,24,41.4,7,44,23.8,64,64,
MH305,Main Hall,Teaching Laboratory,FICM 210,C,C · 19–36 seats,1222,24,50.9,,,,,,Evening and weekend only.
MH309,Main Hall,Teaching Laboratory,FICM 210,C,C · 19–36 seats,953,20,47.7,7,79,19.8,53,53,
MH311,Main Hall,Teaching Laboratory,FICM 210,B,B · 13–18 seats,1236,16,77.3,5,88,14.2,38,38,
MH313,Main Hall,Teaching Laboratory,FICM 210,C,C · 19–36 seats,513,24,21.4,8,64,20.6,55,55,
MH314,Main Hall,Teaching Laboratory,FICM 210,C,C · 19–36 seats,755,20,37.8,8,74,20.5,55,55,
MH315,Main Hall,Teaching Laboratory,FICM 210,B,B · 13–18 seats,776,18,43.1,6,83,26.2,70,70,
MH317,Main Hall,Teaching Laboratory,FICM 210,C,C · 19–36 seats,742,24,30.9,7,78,19,51,51,
MH318,Main Hall,Teaching Laboratory,FICM 210,B,B · 13–18 seats,475,16,29.7,3,98,17,46,46,
MH319,Main Hall,Teaching Laboratory,FICM 210,C,C · 19–36 seats,772,24,32.2,5,63,14.2,38,38,
MH321,Main Hall,Teaching Laboratory,FICM 210,C,C · 19–36 seats,1045,24,43.5,7,79,19.8,53,53,
MH322,Main Hall,Teaching Laboratory,FICM 210,A,A · 5–12 seats,596,8,74.5,3,46,17,46,46,
MH323,Main Hall,Teaching Laboratory,FICM 210,C,C · 19–36 seats,840,20,42,1,90,5.7,15,15,
MH376,Main Hall,Teaching Laboratory,FICM 210,C,C · 19–36 seats,885,24,36.9,2,60,4,11,11,
MH378,Main Hall,Teaching Laboratory,FICM 210,D,D · 37–74 seats,970,40,24.3,4,39,6.7,18,18,
VIC101,Victory Hall,Teaching Laboratory,FICM 210,C,C · 19–36 seats,1045,23,45.4,4,79,11.3,30,30,
VIC110,Victory Hall,Teaching Laboratory,FICM 210,C,C · 19–36 seats,775,32,24.2,10,61,28.3,76,76,
VIC114,Victory Hall,Teaching Laboratory,FICM 210,D,D · 37–74 seats,0,40,0,10,45,28.2,76,76,
VIC115,Victory Hall,Teaching Laboratory,FICM 210,B,B · 13–18 seats,1040,16,65,2,53,5.7,15,15,
VIC120,Victory Hall,Teaching Laboratory,FICM 210,C,C · 19–36 seats,766,30,25.5,3,28,9,24,24,
VIC123,Victory Hall,Teaching Laboratory,FICM 210,B,B · 13–18 seats,766,16,47.9,,,,,,Spring only.
VIC200,Victory Hall,Teaching Laboratory,FICM 210,B,B · 13–18 seats,441,16,27.6,7,63,19.8,53,53,
VIC203,Victory Hall,Teaching Laboratory,FICM 210,B,B · 13–18 seats,556,18,30.9,8,78,24.7,66,66,
VIC204,Victory Hall,Teaching Laboratory,FICM 210,B,B · 13–18 seats,549,18,30.5,8,62,24.2,65,65,
VIC207,Victory Hall,Teaching Laboratory,FICM 210,B,B · 13–18 seats,358,15,23.9,4,65,11.3,30,30,
VIC208,Victory Hall,Teaching Laboratory,FICM 210,B,B · 13–18 seats,803,16,50.2,10,76,44.2,118,118,
VIC210,Victory Hall,Teaching Laboratory,FICM 210,A,A · 5–12 seats,766,12,63.8,5,112,22.1,59,59,
VIC212,Victory Hall,Teaching Laboratory,FICM 210,C,C · 19–36 seats,786,32,24.6,10,88,29.5,79,79,
VIC214,Victory Hall,Teaching Laboratory,FICM 210,C,C · 19–36 seats,756,32,23.6,12,85,33.3,89,89,
VIC215,Victory Hall,Teaching Laboratory,FICM 210,C,C · 19–36 seats,855,30,28.5,6,62,16.8,45,45,
MH277C,Main Hall,Open Laboratory,FICM 220,A,A · 5–12 seats,189,6,31.5,,,,,,Open laboratory
MH372,Main Hall,Open Laboratory,FICM 220,B,B · 13–18 seats,529,16,33.1,,,,,,Open laboratory
MH374,Main Hall,Open Laboratory,FICM 220,D,D · 37–74 seats,1368,40,34.2,,,,,,Open laboratory
VIC205B,Victory Hall,Open Laboratory,FICM 220,A,A · 5–12 seats,745,10,74.5,,,,,,Open laboratory
